time,latitude,longitude,depth,mag,net,id
20200,38.82749939,-122.7968369,2.609999895,0.98,nc,nc75020452
20180,38.7563324,-122.7275009,0.970000029,2.22,nc,nc75020447
20160,38.82666779,-122.7693329,2.869999886,0.76,nc,nc75020437
20140,-17.6452,-178.9535,537.291,4.2,us,us7000mrjz
20120,38.48966667,-112.9033333,2.3,1.67,uu,uu80001318
20100,38.491,-112.9066667,1.5,1.72,uu,uu80072871
20080,61.5808,-149.9892,33.6,1.6,ak,ak0247g8fn7r
20060,36.0371667,-117.602,1.47,1.28,ci,ci40619007
20040,39.19466782,-123.1651688,2.5,1.27,nc,nc75020427
20020,38.83983231,-122.7958298,1.879999995,0.74,nc,nc75020422
20000,19.3895,-155.2746667,1.63,2.48,hv,hv74271491
19980,41.58,-112.4118333,9.22,1.36,uu,uu80072816
19960,63.0775,-151.3577,0,1.5,ak,ak0247g7j1by
19940,59.4361,-153.1962,88.3,2.6,ak,ak0247g7i0lj
19920,61.6216,-149.8572,49.9,1.4,ak,ak0247g7ggpn
19900,40.9074,84.2695,12.543,4.6,us,us7000mrjg
19880,17.9548,-66.731,10,2.97,pr,pr2024162001
19860,38.82216644,-122.7638321,2.200000048,0.96,nc,nc75020412
19840,63.0065,-150.6136,116.5,1.8,ak,ak0247g78512
19820,36.6586,-116.2726,7.4,1.2,nn,nn00879016
19800,61.0263,-152.2822,102.7,1.6,ak,ak0247g6u6dh
19780,38.8370018,-122.791832,2.069999933,0.93,nc,nc75020382
19760,38.82616806,-122.8071671,2.410000086,0.76,nc,nc75020377
19740,-20.4192,-69.0689,118.924,4,us,us7000mrhx
19720,38.16366667,-112.5798333,3.62,0.97,uu,uu80072796
19700,38.7820015,-122.7253342,1.279999971,0.77,nc,nc75020362
19680,38.82766724,-122.8111649,1.149999976,1.09,nc,nc75020347
19660,19.3815,-155.2401667,1.88,2.46,hv,hv74271371
19640,66.269,-157.4378,0,1.5,ak,ak0247g62zqc
19620,19.38116646,-155.2375031,1.710000038,2.48,hv,hv74271366
19600,60.9668,-147.4208,9.1,2.1,ak,ak0247g62bj4
19580,19.38333321,-155.2476654,1.399999976,1.93,hv,hv74271351
19560,18.1193,-66.7325,21,2.31,pr,pr2024162000
19540,38.83100128,-122.8138351,2.210000038,1.21,nc,nc75020342
19520,36.96816635,-121.6100006,2.849999905,1.76,nc,nc75020337
19500,2.8349,99.1389,175.346,4.4,us,us7000mrgz
19480,46.208,-122.1943333,-1.66,0.1,uw,uw62005707
19460,51.78716667,-178.825,5.51,0.32,av,av93158166
19440,60.1045,-152.8344,94.4,1.6,ak,ak0247g4uuhp
19420,18.1375,-67.04366667,14.97,2.19,pr,pr71452078
19400,39.3984,-119.572,0,1,nn,nn00879001
19380,19.36483383,-155.2949982,0.790000021,2.05,hv,hv74271206
19360,37.2739,-118.1419,5.2,1.4,nn,nn00878999
19340,63.0707,-151.6778,0,2.1,ak,ak0247g4bb29
19320,33.3746667,-118.106,-0.11,2.08,ci,ci40618511
19300,32.9225,-116.2306667,8.89,1.01,ci,ci40618503
19280,38.82216644,-122.8246689,2.160000086,0.31,nc,nc75020312
19260,35.54233333,-96.74716667,6.63,1.65,ok,ok2024ljal
19240,63.0959,-151.3521,0,1.4,ak,ak0247g3om8m
19220,46.9345,-121.9126667,9.39,1.5,uw,uw62005692
19200,33.921,-116.7855,17.02,0.87,ci,ci40618495
19180,38.78866577,-122.7816696,4.269999981,0.99,nc,nc75020307
19160,38.83649826,-122.7888336,2.099999905,1.02,nc,nc75020302
19140,38.80500031,-122.7781677,2,1.47,nc,nc75020297
19120,38.80450058,-122.7783356,1.840000033,1.69,nc,nc75020292
19100,38.2044,-117.7425,0.6,0.9,nn,nn00878998
19080,38.81150055,-122.7968369,1.830000043,1.06,nc,nc75020287
19060,7.9517,91.8213,10,4.7,us,us7000mrgb
19040,33.452,-116.5101667,11.6,1.62,ci,ci40618487
19020,61.6265,-150.8581,55.4,2.1,ak,ak0247g31a3m
19000,38.59616852,-122.802002,10.89999962,1.45,nc,nc75020282
18980,19.39249992,-155.2781677,1.129999995,1.85000002,hv,hv74271091
18960,31.737,-104.114,6.7023,2.3,tx,tx2024liwu
18940,28.541,-98.555,5.8801,1.5,tx,tx2024liwt
18920,31.64,-104.3,3.9978,1.7,tx,tx2024liwr
18900,51.2506,-178.3277,23.5,3.9,ak,ak0247g2jx32
18880,19.38083267,-155.245163,0.109999999,2.24,hv,hv74271076
18860,19.38050079,-155.2391663,2.069999933,2.21,hv,hv74271081
18840,53.4761,-163.4518,27.969,4.4,us,us7000mrg0
18820,28.687,-98.965,10.4004,1.6,tx,tx2024liux
18800,37.1503,-117.714,0,0.8,nn,nn00878993
18780,38.80699921,-122.8208313,2.579999924,0.35,nc,nc75020272
18760,65.2466,-149.092,15.6,1,ak,ak0247g1v34b
18740,32.6421667,-115.7648333,5.65,1.52,ci,ci40618479
18720,15.5067,-95.3484,26.534,4.3,us,us7000mrfy
18700,38.1222,-118.2351,9.1,1.5,nn,nn00878991
18680,63.4211,-150.1155,121.8,1.5,ak,ak0247g1jj28
18660,38.83466721,-122.8103333,2.029999971,0.77,nc,nc75020267
18640,38.82116699,-122.8113327,1.799999952,1.04,nc,nc75020262
18620,38.82916641,-122.8123322,2.109999895,1,nc,nc75020257
18600,31.607,-104.505,8.4839,1.8,tx,tx2024litb
18580,38.82633209,-122.8050003,1.230000019,0.7,nc,nc75020252
18560,38.81966782,-122.8238297,2.809999943,0.76,nc,nc75020247
18540,38.83133316,-122.8133316,1.350000024,0.76,nc,nc75020242
18520,36.96300125,-121.6168365,3,2.63,nc,nc75020237
18500,32.404,-102.131,7.0801,3.1,tx,tx2024lisb
18480,17.94333333,-66.94533333,9.77,2.56,pr,pr71452068
18460,0.2623,124.903,73.039,4.6,us,us7000mrfc
18440,38.79083252,-122.7806702,3.640000105,0.27,nc,nc75020232
18420,37.80216667,-113.1281667,5.68,1.98,uu,uu80072641
18400,19.38699913,-155.277832,1.299999952,1.78999996,hv,hv74270926
18380,37.0069,-117.4853,2.1,1.3,nn,nn00879019
18360,17.9765,-67.02616667,5.51,2.44,pr,pr71452048
18340,38.83499908,-122.8050003,1.99000001,0.76,nc,nc75020217
18320,19.38916588,-155.2793274,0.239999995,1.74,hv,hv74270881
18300,19.39049911,-155.2818298,1.269999981,1.8,hv,hv74270886
18280,61.8383,-149.7162,41.9,1.3,ak,ak0247g04elg
18260,17.80516667,-65.90966667,10.29,3.24,pr,pr71452038
18240,37.83266667,-113.0998333,10.14,1.26,uu,uu80072616
18220,19.15433311,-155.4436646,5.829999924,1.97000003,hv,hv74270876
18200,35.6425,-117.478,5.78,0.52,ci,ci40618447
18180,35.6436667,-117.4731667,6.15,0.8,ci,ci40618439
18160,34.0568352,-116.8205032,13.73,0.92,ci,ci40618431
18140,38.82300186,-122.7659988,2.400000095,0.86,nc,nc75020202
18120,33.1736667,-116.588,13.32,0.59,ci,ci40618415
18100,32.423,-101.545,5.9326,2.4,tx,tx2024limx
18080,36.54600143,-121.0806656,3.869999886,1.45,nc,nc75020192
18060,38.1857,-117.8264,6.7,1.2,nn,nn00878984
18040,59.6525,-153.2274,22.9,1.6,ak,ak0247fzicsl
18020,61.8514,-149.5406,30.5,1.8,ak,ak0247fzhw8u
18000,30.97,-103.561,9.4067,1.8,tx,tx2024lima
17980,23.6476,122.8596,36.681,5,us,us7000mrf2
17960,-12.7488,166.6986,128.663,5.3,us,us7000mrez
17940,60.1243,-139.4916,0,1.9,ak,ak0247fz53v7
17920,-5.6014,145.9681,54.202,4.6,us,us7000mrex
17900,-18.7838,65.1584,10,5,us,us7000mrf1
17880,51.79616667,-178.8416667,18.92,0.59,av,av93157656
17860,37.9205,68.1922,10.905,4.5,us,us7000mrev
17840,38.80550003,-122.81633,2.910000086,0.85,nc,nc75020167
17820,38.81850052,-122.8353348,0.360000014,0.76,nc,nc75020157
17800,38.81816483,-122.8351669,0.349999994,0.76,nc,nc75020152
17780,38.8093338,-122.8190002,1.870000005,0.76,nc,nc75020147
17760,-3.3804,126.8929,10,4.7,us,us7000mres
17740,38.80183411,-122.819664,2.890000105,0.76,nc,nc75020137
17720,38.80983353,-122.8105011,1.019999981,0.95,nc,nc75020132
17700,36.7685,-116.2581,4.4,0.8,nn,nn00878969
17680,33.8571667,-117.0268333,9.21,1.24,ci,ci40618375
17660,33.9901667,-117.2338333,13.56,2.18,ci,ci40618359
17640,38.82450104,-122.8310013,2.200000048,1,nc,nc75020117
17620,31.735,-104.529,5.3821,1.7,tx,tx2024liie
17600,40.527668,-124.4411697,19.19000053,2.18,nc,nc75020112
17580,33.4655,-116.4906667,13.58,0.56,ci,ci40618343
17560,-5.9763,131.1394,64.586,4.5,us,us7000mrek
17540,36.00650024,-120.5651703,3.539999962,0.87,nc,nc75020102
17520,35.71649933,-120.8980026,1.75999999,1.31,nc,nc75020097
17500,33.671,-116.7528333,14.92,0.61,ci,ci40618335
17480,33.1728333,-116.5848333,13.52,0.52,ci,ci40618327
17460,19.39033318,-155.2774963,1.399999976,2.45,hv,hv74270681
17440,19.39866638,-155.2819977,1.049999952,1.77999997,hv,hv74270671
17420,46.64283333,-121.844,5.02,0.8,uw,uw62005642
17400,48.72833252,-123.5438309,14.10000038,1.33000004,uw,uw62005637
17380,35.3846667,-117.7511667,6.71,0.9,ci,ci40618319
17360,34.1485,-84.03866667,2.34,2.27,se,se60584946
17340,33.0543333,-116.4101667,10.9,0.98,ci,ci40618303
17320,35.0326667,-117.6855,-0.84,1.62,ci,ci40618287
17300,51.9845,178.3266667,3.79,1.11,av,av93157496
17280,38.8176651,-122.8239975,2.710000038,0.44,nc,nc75020077
17260,38.82749939,-122.8016663,1.669999957,1.08,nc,nc75020072
17240,38.82783508,-122.8016663,1.639999986,0.22,nc,nc75020067
17220,60.8915,-148.9175,15.7,2.1,ak,ak0247enhkpa
17200,-2.9977,127.7875,42.218,4.6,us,us7000mreb
17180,18.019,-66.94583333,11.41,2.27,pr,pr71452033
17160,35.535,-96.75766667,6.62,1.73,ok,ok2024licn
17140,34.8308333,-116.3371667,7.94,1,ci,ci40618263
17120,18.095,-64.27316667,20.32,3.36,pr,pr71452023
17100,19.39866667,-155.263,1.04,0.65,hv,hv74270581
17080,19.398,-155.2635,1.08,1.14,hv,hv74270491
17060,63.215,-151.1117,0,1.3,ak,ak0247em9t3p
17040,34.018,-117.2341667,15.91,1.81,ci,ci40618207
17020,33.5918333,-116.8016667,9.53,0.36,ci,ci40618191
17000,38.82783508,-122.8573303,2.49000001,0.81,nc,nc75020032
16980,38.80216599,-122.8216629,3.74000001,0.87,nc,nc75020027
16960,61.1727,-146.7244,35.9,1.9,ak,ak0247em1huj
16940,33.4085,-116.6565,3.97,1.62,ci,ci40618183
16920,35.9681667,-117.6533333,3.87,1.22,ci,ci40618175
16900,19.39766693,-155.267334,0.829999983,1.73000002,hv,hv74270401
16880,-6.3382,146.5097,97.973,4.8,us,us7000mre0
16860,38.80516815,-122.8136673,2.160000086,0.79,nc,nc75020012
16840,38.81916809,-122.8256683,1.129999995,0.85,nc,nc75020002
16820,31.663,-104.285,7.843,1.5,tx,tx2024lhwu
16800,38.81083298,-122.8176651,2.24000001,1.07,nc,nc75019992
16780,35.4375,-118.3755,5.15,1.58,ci,ci40618159
16760,33.2716667,-116.3316667,11.7,1.21,ci,ci40618151
16740,36.979,-116.1231,7.1,0.1,nn,nn00878948
16720,35.6718333,-117.5263333,8.9,0.7,ci,ci40618135
16700,32.6508333,-115.715,8.52,1.53,ci,ci40618127
16680,63.0992,-151.3504,0.1,1.2,ak,ak0247el5wex
16660,35.6274,-115.9193,11.1,1.4,nn,nn00878946
16640,31.589,-103.933,5.4125,1.5,tx,tx2024lhvk
16620,46.19933333,-122.1916667,7.18,0.47,uw,uw62005572
16600,61.7455,-150.9013,65.4,1.6,ak,ak0247ekxfsc
16580,63.1008,-151.5209,0.1,2,ak,ak0247ekwgy1
16560,35.7286667,-118.4111667,4.42,0.92,ci,ci40618087
16540,38.79616547,-122.8119965,3.210000038,0.94,nc,nc75019937
16520,33.987,-117.1725,18.44,0.93,ci,ci40618079
16500,32.751,-100.636,8.96,1.7,tx,tx2024lhrk
16480,58.4132,-153.6542,80.2,1.6,ak,ak0247ejuc1q
16460,38.82500076,-122.8081665,1.649999976,1.1,nc,nc75019927
16440,38.80716705,-122.8148346,1.600000024,1.09,nc,nc75019922
16420,28.454,-98.705,9.5459,1.8,tx,tx2024lhqz
16400,32.4576,137.7635,390.152,4,us,us7000mrdj
16380,44.76966667,-111.0071667,9.23,0.79,uu,uu80072476
16360,38.82516479,-122.8079987,1.549999952,0.77,nc,nc75019912
16340,38.82516479,-122.8083344,1.639999986,0.24,nc,nc75019907
16320,60.2505,-141.2165,17.8,1.5,ak,ak0247ejrksp
16300,34.011,-117.195,14.48,1.79,ci,ci40618055
16280,38.82183456,-122.7883301,2.039999962,0.77,nc,nc75019902
16260,38.8176651,-122.821167,1.700000048,0.28,nc,nc75019897
16240,37.1798,-117.3403,10.1,1.2,nn,nn00878936
16220,18.22116667,-68.04816667,108.88,3.41,pr,pr71452003
16200,60.3359,-150.7818,36.3,1.6,ak,ak0247ejd085
16180,38.80916595,-122.8213348,3.079999924,1.27,nc,nc75019892
16160,37.81866667,-113.1146667,1.84,1.63,uu,uu80072456
16140,35.9991684,-120.5618362,1.659999967,1.93,nc,nc75019887
16120,36.51233292,-121.0943298,4.769999981,1.45,nc,nc75019882
16100,44.769,-111.0076667,6.88,0.53,uu,uu80072451
16080,31.584,-104.541,4.1924,1.9,tx,tx2024lhpd
16060,-5.4356,154.0968,125,5.7,us,us7000mrdc
16040,36.9469986,-121.591835,6.289999962,1.12,nc,nc75019877
16020,38.83499908,-122.7893295,1.75999999,0.69,nc,nc75019872
16000,-34.8866,-73.6986,10.063,4.3,us,us7000mrd6
15980,18.72683333,-66.969,7.94,2.58,pr,pr71451993
15960,15.6431,-94.3583,61.802,4.1,us,us7000mrd7
15940,34.181,86.4415,12.897,4.4,us,us7000mrd5
15920,33.4661667,-116.621,4.54,0.63,ci,ci40618015
15900,38.83050156,-122.8098297,6.110000134,0.28,nc,nc75019857
15880,18.054,-66.76366667,15.58,1.47,pr,pr71451988
15860,17.94883333,-66.9705,12.08,2.03,pr,pr71451978
15840,69.6065,-143.2242,1.9,2.1,ak,ak0247eiozm0
15820,63.2915,-149.5907,70.7,1.6,ak,ak0247eio49h
15800,35.52833333,-96.76116667,6.38,0.81,ok,ok2024lhnf
15780,19.3920002,-155.2746735,0.75999999,2.44,hv,hv74269881
15760,38.82049942,-122.8016663,3.109999895,1.38,nc,nc75019842
15740,32.3754,-101.007,5,2.9,us,us7000mrcx
15720,31.716,-104.607,1.2259,1.6,tx,tx2024lhmn
15700,34.168,-116.8823333,1.73,2.01,ci,ci40618007
15680,38.83733368,-122.8183365,2.029999971,0.76,nc,nc75019822
15660,33.9935,-118.4706667,14.51,1.76,ci,ci40617999
15640,31.654,-104.372,6.2226,1.5,tx,tx2024lhlt
15620,46.21233333,-122.177,6.81,0.44,uw,uw62005522
15600,-21.7597,-68.4258,120.261,4.4,us,us7000mrcr
15580,35.98583221,-120.543663,5.880000114,1.66,nc,nc75019807
15560,65.6813,-148.8424,6.5,1.4,ak,ak0247ei3iyj
15540,35.53216667,-96.76,6.37,1.48,ok,ok2024lhlf
15520,38.82400131,-122.7633362,0.100000001,0.78,nc,nc75019797
15500,38.82316589,-122.7653351,2.25999999,1.09,nc,nc75019792
15480,18.884,-64.71483333,6.97,3.15,pr,pr71451958
15460,59.5082,-153.0028,104.1,2.6,ak,ak0247ehkprq
15440,33.3421667,-116.2038333,11.2,1.2,ci,ci40617951
15420,19.20733261,-155.511673,33.65000153,2.36999989,hv,hv74269756
15400,38.8219986,-122.7994995,1.580000043,1.05,nc,nc75019782
15380,41.57283333,-112.4348333,7.46,1.3,uu,uu80072391
15360,38.79166794,-122.76017,1.179999948,0.79,nc,nc75019777
15340,19.16200066,-155.4986725,30.62999916,1.87,hv,hv74269691
15320,63.4587,-153.3,13.5,1.7,ak,ak0247egtq37
15300,46.1255,-122.4943333,18.54,1.67,uw,uw62005502
15280,46.123,-122.4981667,18.61,1.6,uw,uw61503103
15260,46.12166667,-122.5073333,18.79,0.71,uw,uw62005497
15240,38.74983215,-122.7294998,-0.519999981,1.85,nc,nc75019772
15220,38.80899811,-122.822998,3.24000001,1.07,nc,nc75019767
15200,39.4523,-120.2843,13.7,0.8,nn,nn00878981
15180,-8.8853,-108.54,10,4.8,us,us7000mrch
15160,34.0108333,-117.1981667,13.78,0.9,ci,ci40617943
15140,37.8285,-113.085,6.81,1.16,uu,uu80072376
15120,33.8496666,-118.4606705,10.78,1.91,ci,ci40617935
15100,34.011,-117.2003333,15.25,1.73,ci,ci40617927
15080,34.0146667,-117.1975,14.06,1.61,ci,ci40617919
15060,34.01,-117.1966667,14.63,1.57,ci,ci40617911
15040,33.8268333,-117.646,3.78,0.93,ci,ci40617903
15020,38.80466843,-122.7805023,2.789999962,1.39,nc,nc75019762
15000,-54.0014,-134.0927,10,5,us,us7000mrcd
14980,35.9796,-114.6706,2.1,1.7,nn,nn00878914
14960,18.37083333,-67.44733333,6.74,2.89,pr,pr71451933
14940,-2.9594,139.1728,20.591,4.6,us,us7000mrc6
14920,38.83449936,-122.7624969,0.829999983,1.34,nc,nc75019752
14900,38.80666733,-122.8239975,2.970000029,1.23,nc,nc75019747
14880,38.82016754,-121.4175034,18.27000046,2.7,nc,nc75019742
14860,31.665,-104.192,5.946,2.3,tx,tx2024lheg
14840,38.85083389,-122.8414993,0.99000001,0.72,nc,nc75019737
14820,38.78933334,-122.7675018,2.349999905,1.07,nc,nc75019732
14800,35.54316667,-96.74716667,6.16,1.38,ok,ok2024lhdv
14780,38.82383347,-122.8050003,1.289999962,1.7,nc,nc75019727
14760,31.699,-104.178,6.7151,1.7,tx,tx2024lhdq
14740,38.81433487,-122.8568344,13.39999962,0.82,nc,nc75019717
14720,38.83566666,-122.784668,1.370000005,0.37,nc,nc75019712
14700,-54.062,-133.9453,10,5,us,us7000mrc1
14680,33.1186667,-116.376,8.51,0.59,ci,ci40617895
14660,33.4885,-116.581,11.37,0.72,ci,ci40617887
14640,61.3384,-152.2897,5.3,0.2,ak,ak0247efn062
14620,-53.8496,-134.0395,10,5.1,us,us7000mrbx
14600,36.98283386,-121.6241684,-0.209999993,1.4,nc,nc75019707
14580,38.49233333,-112.8966667,2.56,0.81,uu,uu80072331
14560,39.4545,-120.2735,14.5,0.7,nn,nn00878979
14540,-53.8577,-133.9892,10,6.2,us,us7000mrbr
14520,-54.4782,-133.0935,10,5.3,us,us7000mrbq
14500,38.82849884,-122.8550034,2.529999971,1.07,nc,nc75019677
14480,19.32616615,-155.2101593,4.190000057,1.80999994,hv,hv74269516
14460,36.9655,-121.6133333,4.42,3.18,nc,nc75019667
14440,33.885,-116.86,13.66,0.78,ci,ci40617871
14420,38.80450058,-122.7949982,3.470000029,1.08,nc,nc75019662
14400,28.706,-98.97,4.3351,1.7,tx,tx2024lhat
14380,17.4555,-61.874,63.555,4.2,us,us7000mrbe
14360,38.8176651,-122.8241653,2.359999895,1.08,nc,nc75019647
14340,60.0898,-152.8392,116.5,2,ak,ak0247eehpic
14320,38.81783295,-122.8239975,2.25,1.09,nc,nc75019642
14300,38.8156662,-122.8170013,1.919999957,0.75,nc,nc75019637
14280,62.5815,-151.326,82.3,1.6,ak,ak0247eeflyk
14260,37.0907,-117.3764,4,0.3,nn,nn00878906
14240,63.4802,-148.7527,9.3,1.3,ak,ak0247eedvf7
14220,31.651,-104.118,1.8958,2.4,tx,tx2024lgyx
14200,51.7395,-178.8371667,13.19,0.95,av,av93156721
14180,38.82466507,-122.8293304,2.180000067,0.74,nc,nc75019632
14160,18.9275,-66.439,14.65,3.01,pr,pr71451908
14140,19.73950005,-155.8455048,25.87999916,2.58999991,hv,hv74269471
14120,44.77416667,-111.0193333,10.38,1.01,uu,uu80072296
14100,37.81916667,-113.1188333,7.3,2.4,uu,uu80072286
14080,35.79700089,-120.7343369,9.720000267,0.73,nc,nc75019617
14060,38.48833333,-112.8971667,2.69,0.47,uu,uu80072276
14040,18.24633333,-67.17816667,101.24,3.11,pr,pr71451903
14020,63.0953,-151.3434,0,1.4,ak,ak0247edzfx7
14000,36.9679985,-121.6090012,2.519999981,1.2,nc,nc75019612
13980,38.8073349,-122.8271637,1.190000057,0.75,nc,nc75019607
13960,38.81066513,-122.8205032,2.75,1.32,nc,nc75019602
13940,36.53883333,-98.95516667,7.59,1.29,ok,ok2024lgxc
13920,19.26866722,-155.3713379,30.36000061,1.95000005,hv,hv74269406
13900,31.543,-104.174,3.4924,1.8,tx,tx2024lgwf
13880,38.82633209,-122.8095016,1.600000024,1.22,nc,nc75019577
13860,37.82416667,-113.1176667,6.18,2.9,uu,uu80072251
13840,37.82233333,-113.1116667,6.51,2.55,uu,uu80072241
13820,38.82616806,-122.8101654,1.470000029,0.62,nc,nc75019572
13800,38.82183456,-122.7858353,1.919999957,1.09,nc,nc75019562
13780,26.6433,127.8145,45.483,4.4,us,us7000mrar
13760,28.812,-99.02,7.2185,1.8,tx,tx2024lgut
13740,37.82233333,-113.1171667,5.94,2.27,uu,uu80072221
13720,-64.0119,-168.9501,10,4.5,us,us7000mram
13700,63.0384,-146.1093,10,2.2,ak,ak0247ed8ena
13680,62.2551,-149.2985,30.5,1.5,ak,ak0247ed89wv
13660,38.82466507,-122.8538361,2.339999914,0.71,nc,nc75019552
13640,38.83216476,-122.8066635,2.049999952,0.69,nc,nc75019547
13620,38.80649948,-122.8218307,2.170000076,0.47,nc,nc75019542
13600,38.80566788,-122.8191681,1.639999986,2.29,nc,nc75019537
13580,33.9955,-116.9961667,16.85,1.22,ci,ci40617847
13560,38.78649902,-122.7708359,0.939999998,1.28,nc,nc75019522
13540,76.6614,7.648,10,4.6,us,us7000mraf
13520,38.80233383,-122.809166,0.409999996,1.31,nc,nc75019517
13500,19.29716682,-155.2146606,3.559999943,2.09,hv,hv74269346
13480,38.80433273,-122.8130035,0.899999976,0.97,nc,nc75019507
13460,63.2594,-150.4401,46.9,1.4,ak,ak0247ecnw3v
13440,60.8345,-150.818,19.5,1.8,ak,ak0247ecnhc1
13420,38.81433487,-122.8216629,3.039999962,0.59,nc,nc75019497
13400,38.8144989,-122.8219986,3.019999981,1.52,nc,nc75019492
13380,38.81716537,-122.8251648,2.099999905,1.41,nc,nc75019472
13360,38.8176651,-122.8246689,2.25999999,0.44,nc,nc75019467
13340,-24.2312,-67.1439,163.508,4.2,us,us7000mrad
13320,19.7511673,-155.8448334,9.630000114,2.01,hv,hv74269306
13300,38.81283188,-122.8274994,2.910000086,0.75,nc,nc75019447
13280,36.61166763,-121.1693344,3.279999971,1.16,nc,nc75019442
13260,32.6976667,-115.3781667,14.49,1.66,ci,ci40617831
13240,27.396,93.136,45.851,4.2,us,us7000mrac
13220,33.3418333,-116.2033333,11.2,1.29,ci,ci40617823
13200,38.82049942,-122.8236694,2.900000095,0.76,nc,nc75019432
13180,33.0343333,-116.0103333,7.82,1.14,ci,ci40617815
13160,36.047,-97.20116667,6.23,1.95,ok,ok2024lgrf
13140,28.899,-98.959,6.9954,1.9,tx,tx2024lgrf
13120,63.0849,-151.3637,0,1.7,ak,ak0247ec1g7q
13100,18.187,-67.0375,22.38,2.3,pr,pr71451873
13080,38.8168335,-122.822998,2.779999971,1.17,nc,nc75019427
13060,53.481,-163.4975,26,3.5,ak,ak0247ec0hnz
13040,33.7085,-116.8125,16.09,0.38,ci,ci40617799
13020,38.81633377,-122.8263321,3.099999905,0.44,nc,nc75019407
13000,33.5356667,-116.7256667,4.62,0.37,ci,ci40617791
12980,60.214,-152.7087,110.2,2,ak,ak0247ebmjf1
12960,38.8219986,-122.7776642,0.620000005,0.77,nc,nc75019402
12940,38.80783463,-122.8209991,-0.610000014,0.72,nc,nc75019397
12920,39.57149887,-120.3724976,-0.670000017,2.27,nc,nc75019392
12900,38.78699875,-122.7669983,2.5,0.53,nc,nc75019387
12880,38.80950165,-122.8188324,3.5,0.82,nc,nc75019382
12860,38.047,36.376,10,4.3,us,us7000mr9v
12840,32.8265,-115.604,13.58,1.78,ci,ci40617783
12820,38.81999969,-122.8235016,2.220000029,0.79,nc,nc75019377
12800,38.82049942,-122.8208313,2.309999943,0.76,nc,nc75019372
12780,38.80216599,-122.80867,0.409999996,0.99,nc,nc75019367
12760,38.80149841,-122.8088303,-0.629999995,1.23,nc,nc75019362
12740,28.925,-98.977,2.3926,2.2,tx,tx2024lgpa
12720,19.047,-66.74916667,37.28,3.24,pr,pr71451863
12700,38.81916809,-122.8239975,3.00999999,0.79,nc,nc75019352
12680,17.7741,-68.0695,54,3.79,pr,pr2024161000
12660,32.83,-115.61,13.56,1.4,ci,ci40617775
12640,38.80316544,-122.8186646,3.230000019,0.92,nc,nc75019347
12620,38.81516647,-122.8271637,2.140000105,0.93,nc,nc75019342
12600,63.0675,-151.4922,1.9,1.8,ak,ak0247eazoeo
12580,35.9675,-117.6541667,3.69,1.64,ci,ci40617767
12560,38.8116684,-122.8263321,2.75,0.99,nc,nc75019327
12540,37.82533333,-113.0571667,2.96,2.5,uu,uu80072066
12520,38.7298,-97.6033,5,2.2,us,us7000mr9g
12500,38.8081665,-122.821167,2.480000019,1.08,nc,nc75019322
12480,38.82699966,-122.831337,2.079999924,0.63,nc,nc75019317
12460,31.663,-104.362,3.7333,1.8,tx,tx2024lgmm
12440,38.82083511,-122.8288345,0.670000017,0.75,nc,nc75019307
12420,38.80433273,-122.8188324,3.029999971,0.75,nc,nc75019297
12400,35.997,-117.3516667,2.69,2.06,ci,ci40617751
12380,38.81233215,-122.8231659,3.200000048,0.75,nc,nc75019287
12360,44.77716667,-111.0178333,9.01,0.7,uu,uu80072041
12340,33.2206667,-115.565,2.93,1.84,ci,ci40617735
12320,4.849,126.119,94.303,4.7,us,us7000mr98
12300,38.79483414,-122.774498,3.289999962,1.28,nc,nc75019272
12280,38.80216599,-122.819664,3.319999933,0.75,nc,nc75019262
12260,38.85366821,-122.7695007,1.960000038,0.21,nc,nc75019257
12240,51.0129,96.6964,10,4,us,us7000mr94
12220,38.81299973,-122.8065033,1.039999962,1.92,nc,nc75019237
12200,38.81616592,-122.8181686,1.899999976,0.54,nc,nc75019232
12180,38.80266571,-122.8228302,1.409999967,0.75,nc,nc75019227
12160,33.3428333,-116.1993333,11.33,1.2,ci,ci40617719
12140,38.8176651,-122.824501,2.440000057,0.52,nc,nc75019212
12120,44.77966667,-111.0175,9.61,1.25,uu,uu80072021
12100,17.989,-66.813,12.95,2.58,pr,pr71451833
12080,19.38466644,-155.2550049,0.75999999,1.84,hv,hv74268976
12060,38.8073349,-122.8186646,2.150000095,1.07,nc,nc75019172
12040,65.344,-145.2467,7.6,2.2,ak,ak0247e9js7q
12020,38.80866623,-122.8256683,2.99000001,0.75,nc,nc75019162
12000,38.80366516,-122.821167,1.529999971,0.75,nc,nc75019157
11980,33.3405,-116.2016667,11.13,1.64,ci,ci40617703
11960,36.1358333,-117.9988333,4.26,1.02,ci,ci40617711
11940,33.346,-116.2005,10.82,0.97,ci,ci40617695
11920,38.81949997,-122.8236694,2.74000001,0.7,nc,nc75019152
11900,38.80466843,-122.8228302,2.640000105,0.75,nc,nc75019147
11880,38.83649826,-122.7955017,0.340000004,0.69,nc,nc75019137
11860,38.8156662,-122.8213348,3.25999999,0.62,nc,nc75019132
11840,38.80466843,-122.8215027,3.170000076,0.75,nc,nc75019127
11820,38.81833267,-122.8258362,2.299999952,0.83,nc,nc75019122
11800,33.3468333,-116.2088333,11.62,2.21,ci,ci40617687
11780,36.0186,-116.2197,0,1.6,nn,nn00878875
11760,38.79316711,-122.8206635,1.970000029,0.8,nc,nc75019117
11740,33.3423333,-116.2051667,11.59,3.3,ci,ci40617679
11720,38.80350113,-122.8166656,2.970000029,0.95,nc,nc75019107
11700,38.81016541,-122.8138351,3.299999952,1.32,nc,nc75019102
11680,44.77833333,-111.019,10.58,1.32,uu,uu80071991
11660,33.6563333,-116.7246667,15.41,0.57,ci,ci40617663
11640,19.24600029,-155.3834991,29.76000023,2.27,hv,hv74268946
11620,38.8113327,-122.8238297,3.460000038,0.27,nc,nc75019082
11600,38.82316589,-122.8141632,2.230000019,1.09,nc,nc75019077
11580,44.36416667,-116.0668333,6.11,1.85,mb,mb90054353
11560,38.8116684,-122.8246689,3.230000019,1.05,nc,nc75019057
11540,38.81100082,-122.8208313,3.390000105,0.75,nc,nc75019042
11520,38.79266739,-122.8208313,1.899999976,0.77,nc,nc75019037
11500,32.9651667,-115.5335,10.85,1.58,ci,ci40617655
11480,38.82833481,-122.8544998,2.49000001,1.5,nc,nc75019032
11460,38.81900024,-122.8228302,2.950000048,0.29,nc,nc75019027
11440,44.97516667,-111.782,9.93,1.74,mb,mb90054348
11420,38.82733154,-122.8193359,1.320000052,0.86,nc,nc75019022
11400,38.81700134,-122.824501,3.359999895,1.43,nc,nc75019012
11380,38.82716751,-122.8178329,1.019999981,1.04,nc,nc75019007
11360,38.81949997,-122.8113327,1.519999981,1.83,nc,nc75019002
11340,33.705,-116.7565,15.93,0.9,ci,ci40617647
11320,38.82716751,-122.8203354,1.590000033,1.08,nc,nc75018997
11300,38.82116699,-122.8181686,3.069999933,0.8,nc,nc75018992
11280,38.82866669,-122.8203354,1.669999957,1.1,nc,nc75018982
11260,38.80516815,-122.8323364,1.5,1.12,nc,nc75018977
11240,38.82616806,-122.8180008,1.370000005,1.64,nc,nc75018962
11220,38.80533218,-122.8119965,2.150000095,1.11,nc,nc75018957
11200,38.81783295,-122.7946701,2.180000067,0.76,nc,nc75018942
11180,38.84316635,-122.8328323,0.460000008,0.61,nc,nc75018937
11160,38.8445015,-122.831337,0.850000024,1.53,nc,nc75018932
11140,38.84366608,-122.8314972,0.109999999,1.09,nc,nc75018927
11120,63.0791,-151.3572,0,1.3,ak,ak0247cz6llz
11100,38.84666824,-122.8314972,0.449999988,1.13,nc,nc75018922
11080,38.83166504,-122.793335,9.460000038,0.82,nc,nc75018917
11060,38.84550095,-122.831665,0.680000007,1.06,nc,nc75018912
11040,38.84033203,-122.8011703,11.43999958,1.11,nc,nc75018907
11020,38.79583359,-122.8383331,9.43999958,0.43,nc,nc75018897
11000,60.0643,-140.7689,1.9,1.5,ak,ak0247cz3kr7
10980,38.80099869,-122.8013306,-0.460000008,1.42,nc,nc75018877
10960,31.554,-104.04,6.2189,1.6,tx,tx2024lgek
10940,59.2779,-138.2024,0.1,2.6,ak,ak0247cysfl5
10920,38.82600021,-122.8103333,1.360000014,1.04,nc,nc75018857
10900,38.80266571,-122.8330002,1.519999981,0.76,nc,nc75018852
10880,38.82866669,-122.8188324,1.450000048,0.7,nc,nc75018842
10860,38.80699921,-122.8198318,2.789999962,1.36,nc,nc75018827
10840,63.0965,-151.48,0,1.2,ak,ak0247cypg5g
10820,38.82666779,-122.8193359,1.5,0.74,nc,nc75018807
10800,38.82099915,-122.8161697,1.529999971,0.44,nc,nc75018802
10780,61.3368,-152.2971,12,1.2,ak,ak0247cyoxul
10760,38.80566788,-122.822998,3.119999886,0.62,nc,nc75018797
10740,38.82799911,-122.8209991,1.720000029,1.34,nc,nc75018787
10720,38.8136673,-122.8203354,2.24000001,1.93,nc,nc75018782
10700,38.80766678,-122.8170013,2.079999924,0.93,nc,nc75018772
10680,38.82566833,-122.8213348,-0.419999987,2.08,nc,nc75018762
10660,19.80550003,-155.5614929,26.32999992,2.1400001,hv,hv74268821
10640,38.80483246,-122.8181686,2.849999905,0.78,nc,nc75018747
10620,38.82866669,-122.8146667,1.970000029,1.07,nc,nc75018742
10600,38.8073349,-122.8276672,2.24000001,0.77,nc,nc75018737
10580,38.81666565,-122.8235016,2.269999981,0.69,nc,nc75018707
10560,38.194,-117.8186,4.7,1.3,nn,nn00878869
10540,51.975,178.4328333,5.95,0.55,av,av93156211
10520,38.81816483,-122.8209991,1.909999967,0.88,nc,nc75018682
10500,38.81200027,-122.822998,2.269999981,1.07,nc,nc75018667
10480,38.81866837,-122.8233337,2.460000038,1.07,nc,nc75018662
10460,38.81533432,-122.8191681,2.130000114,1.4,nc,nc75018657
10440,38.84500122,-122.8296661,1.570000052,0.73,nc,nc75018652
10420,19.40049934,-155.2606659,1.580000043,2.22,hv,hv74268761
10400,38.81650162,-122.8239975,2.369999886,1.24,nc,nc75018647
10380,36.14266667,-98.3135,6.59,1.21,ok,ok2024lgcm
10360,38.81100082,-122.8154984,2.369999886,0.75,nc,nc75018642
10340,38.80083466,-122.8181686,2.619999886,0.75,nc,nc75018637
10320,38.82049942,-122.8434982,2.049999952,0.76,nc,nc75018612
10300,38.81750107,-122.8266678,2.460000038,0.75,nc,nc75018607
10280,38.81150055,-122.8231659,2.440000057,0.76,nc,nc75018602
10260,38.81583405,-122.8233337,3.130000114,1.07,nc,nc75018592
10240,34.291,-116.847,9.25,1.19,ci,ci40617615
10220,38.82166672,-122.8188324,1.820000052,1.33,nc,nc75018577
10200,38.80466843,-122.8203354,2.960000038,1.07,nc,nc75018572
10180,38.80699921,-122.8190002,2.74000001,1.24,nc,nc75018567
10160,-20.0356,-68.8767,124.071,4.3,us,us7000mr8k
10140,38.82133484,-122.8154984,2.00999999,0.72,nc,nc75018562
10120,38.82066727,-122.7978363,1.860000014,1.21,nc,nc75018557
10100,38.80550003,-122.81633,2.960000038,1,nc,nc75018547
10080,17.88216667,-66.85616667,11.41,2.38,pr,pr71451823
10060,18.96733284,-155.4586639,37.5,1.92999995,hv,hv74268736
10040,38.82116699,-122.8154984,1.679999948,0.94,nc,nc75018542
10020,38.81733322,-122.8239975,2.470000029,0.76,nc,nc75018532
10000,38.81750107,-122.8221664,2.670000076,1.68,nc,nc75018527
9980,38.8061676,-122.8228302,2.769999981,0.75,nc,nc75018512
9960,38.81299973,-122.8301697,3.700000048,0.75,nc,nc75018507
9940,38.80633163,-122.8176651,2.50999999,0.53,nc,nc75018502
9920,38.81949997,-122.8150024,2.980000019,0.73,nc,nc75018497
9900,38.81066513,-122.8304977,3.089999914,0.44,nc,nc75018492
9880,19.15483284,-155.4989929,6.21999979,2.76,hv,hv74268716
9860,19.19233322,-155.4911652,28.57999992,2.79,hv,hv74268721
9840,38.81783295,-122.8219986,3.190000057,0.71,nc,nc75018482
9820,38.80699921,-122.8256683,2.910000086,0.75,nc,nc75018477
9800,38.82833481,-122.80867,7.889999866,0.71,nc,nc75018467
9780,38.81533432,-122.8359985,6.300000191,0.8,nc,nc75018462
9760,38.80699921,-122.8193359,2.720000029,1.46,nc,nc75018447
9740,38.73933411,-122.9304962,20.36000061,1.15,nc,nc75018442
9720,38.80966568,-122.8293304,1.799999952,0.41,nc,nc75018437
9700,38.80883408,-122.8186646,2.980000019,1.51,nc,nc75018432
9680,38.81833267,-122.8248367,3.099999905,0.75,nc,nc75018422
9660,38.81416702,-122.8231659,2.519999981,1.11,nc,nc75018417
9640,38.81483459,-122.8236694,3.420000076,0.74,nc,nc75018412
9620,38.80450058,-122.8181686,2.789999962,1.32,nc,nc75018402
9600,38.80400085,-122.8215027,2.619999886,1.09,nc,nc75018392
9580,38.8073349,-122.8209991,2.319999933,0.75,nc,nc75018387
9560,19.39949989,-155.2621613,2.150000095,2.32,hv,hv74268676
9540,38.81183243,-122.8288345,1.879999995,0.4,nc,nc75018372
9520,38.81116486,-122.8160019,1.470000029,1.42,nc,nc75018367
9500,38.80799866,-122.8208313,3.160000086,0.87,nc,nc75018362
9480,38.80683517,-122.8308334,1.029999971,0.59,nc,nc75018357
9460,38.80649948,-122.8195038,2.210000038,0.7,nc,nc75018352
9440,19.41233253,-155.2315063,-1.019999981,1.86000001,hv,hv74268661
9420,38.80233383,-122.8125,0.639999986,1.08,nc,nc75018337
9400,38.80116653,-122.8420029,1.909999967,1.07,nc,nc75018332
9380,38.81600189,-122.8238297,2.029999971,1.31,nc,nc75018317
9360,38.81866837,-122.8255005,3.140000105,0.3,nc,nc75018307
9340,38.80649948,-122.8201675,3.099999905,1.2,nc,nc75018297
9320,38.85533524,-122.815834,1.480000019,0.64,nc,nc75018292
9300,-20.5368,-178.1737,539.113,4.7,us,us7000mr8e
9280,38.8105011,-122.8249969,2.940000057,1.5,nc,nc75018287
9260,38.80833435,-122.8286667,2.190000057,1.56,nc,nc75018282
9240,38.81283188,-122.8286667,2.160000086,0.74,nc,nc75018277
9220,38.80500031,-122.8249969,3.49000001,0.77,nc,nc75018272
9200,38.81349945,-122.822998,3.220000029,1.08,nc,nc75018267
9180,38.80899811,-122.8178329,0.730000019,1.07,nc,nc75018262
9160,38.80266571,-122.8138351,0.5,0.74,nc,nc75018257
9140,19.39933395,-155.2599945,0.419999987,1.7,hv,hv74268631
9120,38.81583405,-122.819664,1.279999971,1.52,nc,nc75018242
9100,38.82983398,-122.8154984,10.28999996,0.94,nc,nc75018237
9080,38.81750107,-122.8263321,2.640000105,0.69,nc,nc75018227
9060,38.81216812,-122.8256683,3.50999999,0.27,nc,nc75018217
9040,38.80533218,-122.807663,1.210000038,1.37,nc,nc75018212
9020,38.80833435,-122.8281631,3.160000086,1.7,nc,nc75018207
9000,38.80016708,-122.8264999,2.029999971,0.8,nc,nc75018202
8980,38.78900146,-122.819664,5.380000114,0.82,nc,nc75018192
8960,38.83000183,-122.8538361,1.960000038,0.61,nc,nc75018187
8940,38.82699966,-122.8291702,2.230000019,0.63,nc,nc75018177
8920,38.80699921,-122.8233337,2.079999924,0.48,nc,nc75018162
8900,38.80016708,-122.8151703,1.360000014,1.12,nc,nc75018157
8880,38.80416489,-122.809166,0.800000012,0.94,nc,nc75018142
8860,38.81666565,-122.8238297,2.349999905,1.14,nc,nc75018132
8840,38.81100082,-122.8261642,2.910000086,1.35,nc,nc75018127
8820,38.80483246,-122.8233337,2.99000001,1.31,nc,nc75018122
8800,38.81700134,-122.8216629,2.460000038,1.08,nc,nc75018112
8780,38.81216812,-122.8121643,0.5,1.08,nc,nc75018097
8760,38.80483246,-122.8056641,0.389999986,1.91,nc,nc75018092
8740,38.82933426,-122.8255005,4.150000095,0.83,nc,nc75018087
8720,38.81850052,-122.8216629,2.5,1.01,nc,nc75018082
8700,38.80183411,-122.8121643,0.800000012,1.81,nc,nc75018077
8680,38.8030014,-122.8103333,0.400000006,1.79,nc,nc75018072
8660,38.80883408,-122.8209991,2.559999943,0.53,nc,nc75018062
8640,38.80433273,-122.8161697,1.049999952,0.85,nc,nc75018057
8620,38.82516479,-122.767334,0.389999986,1.39,nc,nc75018042
8600,38.80699921,-122.8328323,2.710000038,0.94,nc,nc75018037
8580,38.80583191,-122.8170013,2.769999981,0.93,nc,nc75018032
8560,38.82416534,-122.793663,0.219999999,1.95,nc,nc75018017
8540,38.79216766,-122.8320007,1.649999976,1.11,nc,nc75018012
8520,-19.5502,-177.6892,404.065,4.4,us,us7000mr8d
8500,38.80333328,-122.8126678,1.610000014,0.95,nc,nc75017997
8480,31.717,-104.271,7.5867,2.6,tx,tx2024lfzv
8460,38.80950165,-122.8276672,2.890000105,1.56,nc,nc75017992
8440,38.80133438,-122.8303299,1.649999976,1.64,nc,nc75017987
8420,38.79283524,-122.8246689,1.039999962,0.81,nc,nc75017977
8400,38.82183456,-122.7710037,1.090000033,1.76,nc,nc75017967
8380,38.81733322,-122.8195038,0.310000002,1.53,nc,nc75017962
8360,38.80683517,-122.8103333,0,1.66,nc,nc75017957
8340,38.80849838,-122.8233337,2.970000029,1.7,nc,nc75017952
8320,45.368,-121.7011667,1.17,1.14,uw,uw62005242
8300,38.80266667,-122.8213333,0.47,2.86,nc,nc75017947
8280,38.814,-122.8218333,3.55,4.48,nc,nc75017972
8260,59.9787,-152.4416,84.1,1.2,ak,ak0247cxhoac
8240,33.6286667,-116.6861667,14.31,0.64,ci,ci40617583
8220,34.4701667,-117.9675,7.72,1.9,ci,ci40617575
8200,38.77083206,-122.9846649,2.440000057,1.26,nc,nc75017942
8180,46.19933333,-122.187,0.45,0.49,uw,uw62005232
8160,38.83850098,-122.8389969,1.789999962,1.09,nc,nc75017937
8140,61.5596,-151.2923,18.2,2,ak,ak0247cxbnv0
8120,38.81483459,-122.7959976,2.619999886,0.8,nc,nc75017927
8100,46.19233333,-122.19,5.28,0.1,uw,uw62005222
8080,38.83050156,-122.8111649,1.5,0.3,nc,nc75017922
8060,53.93033333,-166.6808333,3.58,0.25,av,av93156091
8040,46.9585,-112.5598333,12.51,0.99,mb,mb90054343
8020,53.8875,-166.9236667,6.48,0.2,av,av93156066
8000,34.6063333,-116.6273333,3.24,1.39,ci,ci40617551
7980,55.9896,-157.3037,16.7,2.9,ak,ak0247cwtpd4
7960,17.94666667,-66.80933333,11.11,2.28,pr,pr71451813
7940,19.0305,-65.55,18.66,2.98,pr,pr71451808
7920,27.8279,75.3246,8.538,4,us,us7000mr80
7900,38.83366776,-122.8775024,2.630000114,0.37,nc,nc75017917
7880,63.3989,-145.3181,13.2,1.9,ak,ak0247cwsbxj
7860,19.38183403,-155.2404938,2.089999914,1.84,hv,hv74268501
7840,36.1341667,-118.004,1.59,0.8,ci,ci40617543
7820,64.4871,-146.9195,0,1.4,ak,ak0247cwpmxw
7800,63.0928,-151.3412,0.2,1.8,ak,ak0247cwgf8y
7780,35.9613,-114.7523,0,0.9,nn,nn00878850
7760,51.891,179.607,8.88,0.64,av,av93156026
7740,38.83866501,-122.824501,1.799999952,0.92,nc,nc75017897
7720,38.83816528,-122.8235016,2.029999971,1.48,nc,nc75017892
7700,63.1029,-151.553,0.1,2.4,ak,ak0247cwb78a
7680,29.8801,51.7485,16.348,4.3,us,us7000mr7r
7660,61.9705,-150.7911,62.9,1.2,ak,ak0247cwal1t
7640,63.0897,-151.3541,0,1.4,ak,ak0247cw6jus
7620,65.9938,-151.4969,0,1.6,ak,ak0247cw3z1k
7600,38.81800079,-122.8116684,2.559999943,0.79,nc,nc75017862
7580,32.5738,-104.6701,0.494,2.7,us,us7000mr7i
7560,38.81866837,-122.8219986,2.210000038,0.75,nc,nc75017857
7540,-18.4613,-173.7515,40.958,4.8,us,us7000mr7j
7520,19.40016747,-155.2689972,0.49000001,1.7,hv,hv74268366
7500,38.81616592,-122.8119965,2.769999981,0.78,nc,nc75017847
7480,61.4627,-147.8158,19.9,2,ak,ak0247cvrajx
7460,38.82116699,-122.8125,2.680000067,0.75,nc,nc75017837
7440,38.82016754,-122.8259964,2.400000095,0.95,nc,nc75017832
7420,31.657,-104.371,4.7318,1.5,tx,tx2024lftl
7400,34.1315,-119.2078333,15.89,1.37,ci,ci40617487
7380,17.94683333,-66.93683333,15.33,2.62,pr,pr71451793
7360,38.83983231,-122.8116684,2.24000001,0.27,nc,nc75017822
7340,31.663,-104.196,4.0404,1.6,tx,tx2024lfsy
7320,64.4697,-146.9766,9.7,0.8,ak,ak0247cvjkbs
7300,31.659,-104.375,8.1055,2.1,tx,tx2024lfss
7280,31.667,-104.376,6.9714,2.5,tx,tx2024lfsn
7260,31.667,-104.371,5.741,2.4,tx,tx2024lfsg
7240,38.81600189,-122.8268356,1.600000024,0.77,nc,nc75017807
7220,38.81783295,-122.8206635,2.029999971,2.08,nc,nc75017802
7200,32.376,-102.106,6.5674,2.2,tx,tx2024lfrq
7180,33.0285,-115.6023333,2.06,0.96,ci,ci40617455
7160,58.3214,-155.8853,11.8,1.2,ak,ak0247cv2ggq
7140,38.81949997,-122.7639999,2.059999943,0.74,nc,nc75017792
7120,38.81949997,-122.7638321,1.970000029,1.09,nc,nc75017787
7100,63.0711,-151.3691,0,1.3,ak,ak0247cv1buu
7080,17.93366667,-66.9435,13.95,1.7,pr,pr71451788
7060,61.9679,-150.8441,71.1,1.4,ak,ak0247cv043o
7040,31.531,-104.148,5.741,1.7,tx,tx2024lfre
7020,52.01733333,-176.1721667,2.92,0.79,av,av93011169
7000,52.7065,-169.8631667,-0.44,1.16,av,av93155886
6980,63.0776,-151.3661,0,1.6,ak,ak0247cunxgc
6960,46.20483333,-122.191,1.95,0.47,uw,uw62005177
6940,33.2405,-116.2315,8.86,0.93,ci,ci40617447
6920,63.5322,-149.9742,8,1.2,ak,ak0247cuk1vu
6900,38.81833267,-122.7963333,2.519999981,0.77,nc,nc75017762
6880,33.7051667,-116.7183333,17.93,0.53,ci,ci40617439
6860,33.0401667,-115.6071667,3.79,1.68,ci,ci40617431
6840,62.7961,-151.0419,84,1.9,ak,ak0247cuhnfx
6820,38.83066559,-122.8008347,1.629999995,1.36,nc,nc75017757
6800,58.9689,-154.516,118.3,2,ak,ak0247cug55i
6780,63.0804,-151.5397,0,1.8,ak,ak0247cufhbk
6760,33.7081667,-116.8086667,15.73,0.68,ci,ci40617415
6740,33.1718333,-116.584,13.74,0.84,ci,ci40617407
6720,33.7045,-116.8081667,15.48,0.58,ci,ci40617399
6700,40.3136673,-124.4424973,14.07999992,2.05,nc,nc75017752
6680,40.6777,-74.7653,7.142,1.7,us,us7000mr9h
6660,33.1701667,-116.594,12.54,1.79,ci,ci40617383
6640,63.0735,-151.3719,0,1.3,ak,ak0247ctx9y0
6620,63.0893,-151.4663,3.7,1.8,ak,ak0247ctwng7
6600,63.0951,-151.5445,0,1.8,ak,ak0247ctwgcb
6580,33.6406667,-116.7173333,13.55,0.85,ci,ci40617375
6560,31.67,-104.191,5.6384,2,tx,tx2024lfne
6540,6.6383,123.7415,10.313,4.8,us,us7000mr6i
6520,63.0832,-151.4794,10.3,1.4,ak,ak0247ctqvdk
6500,31.666,-104.191,5.741,2.3,tx,tx2024lfmg
6480,19.39366722,-155.2453308,0.349999994,2.08,hv,hv74267996
6460,31.668,-104.194,5.8435,2.3,tx,tx2024lflx
6440,19.47866631,-155.5713348,49.31999969,2.30999994,hv,hv74267991
6420,34.0563333,-118.1673333,11.48,1.87,ci,ci40617335
6400,31.662,-104.197,4.5257,1.5,tx,tx2024lflq
6380,63.0968,-151.3475,0,2,ak,ak0247ctaeu3
6360,31.8155,-116.1446667,2.8,1.81,ci,ci40617327
6340,31.667,-104.188,5.6384,2.5,tx,tx2024lflo
6320,58.1564,-145.2417,10,2.3,ak,ak0247ct9438
6300,61.4038,-150.2547,43.2,1.1,ak,ak0247ct8ubm
6280,44.31933333,-115.159,6.31,2.29,mb,mb90054338
6260,31.666,-104.201,4.1974,1.7,tx,tx2024lflh
6240,63.0979,-151.355,0,1.2,ak,ak0247ct7tbd
6220,63.0781,-151.546,0,1.7,ak,ak0247ct68wx
6200,51.91583333,179.5606667,9.88,0.45,av,av93155756
6180,33.8881667,-116.8696667,12.45,0.73,ci,ci40617311
6160,31.675,-104.188,4.1625,1.6,tx,tx2024lfko
6140,38.81933212,-122.8225021,2.230000019,0.67,nc,nc75017717
6120,29.7421,69.8792,10,4.2,us,us7000mr60
6100,59.8098,-153.2044,102.3,1.5,ak,ak0247cst87w
6080,38.81716537,-122.8268356,2.059999943,0.75,nc,nc75017712
6060,63.0575,-151.5181,0,1.1,ak,ak0247cssiqv
6040,38.82833481,-122.793335,6,0.61,nc,nc75017707
6020,63.1117,-151.3478,0,1.5,ak,ak0247csrp4b
6000,63.1265,-151.5454,0.1,2.5,ak,ak0247csqhw5
5980,40.6504,-74.7395,9.346,1.4,us,us7000mr9j
5960,35.0901667,-119.198,18.15,0.95,ci,ci40617295
5940,63.092,-151.5194,0,1.8,ak,ak0247csp7lk
5920,63.1052,-151.3608,0,1.3,ak,ak0247csm6me
5900,38.80983353,-122.8201675,2.650000095,1.03,nc,nc75017697
5880,38.82333374,-122.80867,2.99000001,0.83,nc,nc75017692
5860,63.051,-151.5196,0,1.4,ak,ak0247cskp4x
5840,33.9626667,-118.2205,15.74,1.35,ci,ci40617279
5820,1.459,127.1982,152.389,4.5,us,us7000mr5u
5800,33.6648333,-117.0248333,10.83,1,ci,ci40617271
5780,63.0805,-151.3578,0,1.4,ak,ak0247cs9hk7
5760,63.0978,-151.7283,0.9,1.9,ak,ak0247cs8p5v
5740,63.0941,-151.3447,0,1.4,ak,ak0247cs8le5
5720,38.84583282,-122.8181686,1.360000014,1.5,nc,nc75017682
5700,63.0867,-151.3535,0,1.3,ak,ak0247cs7ml0
5680,63.0842,-151.4748,6.7,1.9,ak,ak0247cs6gkl
5660,63.0857,-151.3557,0,1.6,ak,ak0247cs68gj
5640,63.0554,-151.5302,2.6,2.1,ak,ak0247cs57kz
5620,63.0976,-151.5469,0,1.9,ak,ak0247cs51hq
5600,63.0983,-151.366,0,1.4,ak,ak0247cs4q7l
5580,59.7134,-152.6546,88.3,1.7,ak,ak0247cs4bu2
5560,33.6661667,-117.019,9.6,0.63,ci,ci40617263
5540,63.1024,-151.347,0.8,1.8,ak,ak0247cs3gn9
5520,19.38199997,-155.2313385,1.940000057,1.81,hv,hv74267766
5500,63.0971,-151.3786,11.2,1.4,ak,ak0247cs2wb8
5480,63.1012,-151.4447,4.6,1.1,ak,ak0247cs2tjn
5460,63.0977,-151.3414,0.1,1.7,ak,ak0247cs2dcz
5440,19.38599968,-155.2494965,0.479999989,1.73,hv,hv74267761
5420,33.665,-117.023,10.35,0.9,ci,ci40617255
5400,63.106,-151.4005,0,2.4,ak,ak0247cs1qve
5380,63.1091,-151.3685,2.6,2.9,ak,ak0247cs0x61
5360,63.0856,-151.4807,13.2,3.6,ak,ak0247cs0jz4
5340,36.6611,71.0574,194.414,4.1,us,us7000mr5h
5320,19.25200081,-155.3928375,31.46999931,1.75999999,hv,hv74267746
5300,46.19966667,-122.1888333,7.31,0.15,uw,uw62005152
5280,63.1442,-151.4857,14.5,4.4,ak,ak0247crzl8l
5260,46.19666667,-122.1836667,7.62,0.43,uw,uw62005147
5240,33.2296667,-116.6328333,16.8,0.59,ci,ci40617239
5220,38.82633209,-122.8564987,2.430000067,0.61,nc,nc75017677
5200,62.8127,-149.9065,62.7,1.6,ak,ak0247crn9ty
5180,60.4025,-143.0341,14.9,1.4,ak,ak0247crn8wc
5160,44.38216667,-110.3241667,8.65,1.65,uu,uu80071731
5140,61.0843,-150.7833,15.7,1.3,ak,ak0247crliqb
5120,31.588,-104.186,4.2576,1.6,tx,tx2024lfgf
5100,15.457,-94.1865,42.784,4.1,us,us7000mr57
5080,37.46666718,-118.6610031,9.640000343,1.49,nc,nc75017672
5060,61.5215,-149.9063,34,1.7,ak,ak0247crh9p0
5040,-19.5394,-69.429,101.669,4.8,us,us7000mr54
5020,36.14766667,-98.30716667,6.18,1.52,ok,ok2024lffn
5000,37.74516678,-122.1208344,8.390000343,1.9,nc,nc75017667
4980,51.99,179.4358333,9.62,1.09,av,av93155586
4960,53.8417,166.7279,10,4.3,us,us7000mr56
4940,44.72266667,-111.107,10.65,0.28,uu,uu80071721
4920,36.6715,-89.53833333,9.62,1.82,nm,nm60584791
4900,62.2479,-151.0014,74.6,1.1,ak,ak0247cre7ac
4880,33.7068333,-116.7828333,15.28,0.99,ci,ci40617231
4860,64.1052,-152.4584,0,1.5,ak,ak0247cr323b
4840,32.9131667,-116.2403333,5.71,1.52,ci,ci40617223
4820,61.5108,-149.9171,32.9,1.4,ak,ak0247cqzvvp
4800,61.3988,-146.7656,35,1.4,ak,ak0247cqy5gt
4780,62.2182,-148.3721,25.1,1.5,ak,ak0247cqxr8s
4760,46.20466667,-122.1841667,3.9,0.92,uw,uw62005132
4740,51.79916667,-178.7426667,7.68,0.42,av,av93155546
4720,62.3657,-152.4264,0.1,2,ak,ak0247cqv2mh
4700,31.629,-104.516,6.51,1.9,tx,tx2024lfdm
4680,19.38050079,-155.2330017,2.109999895,2.33,hv,hv74267526
4660,36.52483368,-121.0976639,8.109999657,1.46,nc,nc75017657
4640,44.46483333,-115.2003333,9.98,2.28,mb,mb90054318
4620,17.93883333,-66.97283333,11.64,1.73,pr,pr71451783
4600,64.6118,-149.7816,0,1.3,ak,ak0247cqc2wh
4580,19.18183327,-155.5053406,32.58000183,1.96000004,hv,hv74267446
4560,19.18366623,-155.5033264,32.24000168,2.13000011,hv,hv74267421
4540,37.0292,-116.215,4.7,0.4,nn,nn00878835
4520,38.79416656,-122.8085022,3.440000057,1.3,nc,nc75017647
4500,33.6248333,-116.7403333,16.08,0.88,ci,ci40617199
4480,60.6607,-147.3024,29.6,1.4,ak,ak0247cpr9jm
4460,44.76933333,-111.0171667,9.37,0.93,uu,uu80071671
4440,44.76883333,-111.017,9.68,1.26,uu,uu80071666
4420,59.7131,-153.5978,152.3,2.4,ak,ak0247cpoxv7
4400,40.14333333,-121.0936667,6.06,2.82,nc,nc75017642
4380,62.3792,-149.1998,0,1.3,ak,ak0247cpmqe4
4360,46.978,-121.8828333,11.11,1.77,uw,uw62005117
4340,19.39933395,-155.2881622,-0.079999998,1.74,hv,hv74267286
4320,38.84833145,-122.9660034,3.660000086,1.33,nc,nc75017632
4300,60.4297,-151.9809,30.2,1.5,ak,ak0247cp6w8q
4280,19.3845005,-155.2811737,-0.129999995,2.03999996,hv,hv74267111
4260,51.89283333,179.5713333,11.43,0.55,av,av93011099
4240,53.392,-168.178,2.99,0.22,av,av93155281
